is_event_day,product_family,channel,city,transactions,gross_revenue,total_revenue,returned,return_rate_pct,avg_order_value,avg_daily_txns
0,Charger,In-Store,Bahawalpur,2368,6103142.00,6103142.00,110,4.65,2577.340000,3.68
0,Charger,In-Store,Faisalabad,2337,5979285.00,5979285.00,122,5.22,2558.530000,3.57
0,Charger,In-Store,Gujranwala,2404,6169316.00,6169316.00,120,4.99,2566.270000,3.7
0,Charger,In-Store,Islamabad,2456,6297969.00,6297969.00,125,5.09,2564.320000,3.79
0,Charger,In-Store,Jhang,2440,6312464.00,6312464.00,104,4.26,2587.080000,3.76
0,Charger,In-Store,Karachi,106936,274183636.00,274183636.00,5372,5.02,2564.000000,158.89
0,Charger,In-Store,Kasur,2373,6093344.00,6093344.00,117,4.93,2567.780000,3.65
0,Charger,In-Store,Lahore,64049,164146990.00,164146990.00,3239,5.06,2562.830000,95.17
0,Charger,In-Store,Larkana,2343,6028366.00,6028366.00,109,4.65,2572.930000,3.62
0,Charger,In-Store,Multan,2298,5903313.00,5903313.00,111,4.83,2568.890000,3.54
0,Charger,In-Store,Nawabshah,2288,5834537.00,5834537.00,125,5.46,2550.060000,3.55
0,Charger,In-Store,Okara,2341,6022275.00,6022275.00,116,4.96,2572.520000,3.61
0,Charger,In-Store,Peshawar,2318,5937796.00,5937796.00,114,4.92,2561.600000,3.57
0,Charger,In-Store,Quetta,2379,6109340.00,6109340.00,119,5,2568.030000,3.72
0,Charger,In-Store,Rahim Yar Khan,2350,6053364.00,6053364.00,114,4.85,2575.900000,3.62
0,Charger,In-Store,Rawalpindi,2386,6148829.00,6148829.00,115,4.82,2577.040000,3.68
0,Charger,In-Store,Sargodha,2251,5701282.00,5701282.00,133,5.91,2532.780000,3.51
0,Charger,In-Store,Sheikhupura,2384,6140528.00,6140528.00,112,4.7,2575.720000,3.67
0,Charger,In-Store,Sialkot,2417,6197613.00,6197613.00,130,5.38,2564.180000,3.71
0,Charger,In-Store,Sukkur,2459,6290266.00,6290266.00,125,5.08,2558.060000,3.76
0,Charger,Online,Bahawalpur,4982,12686199.00,15036699.00,281,5.64,3018.210000,7.41
0,Charger,Online,Faisalabad,5088,13041259.00,15461759.00,247,4.85,3038.870000,7.66
0,Charger,Online,Gujranwala,5116,13090546.00,15517546.00,262,5.12,3033.140000,7.67
0,Charger,Online,Islamabad,5160,13276173.00,15739673.00,233,4.52,3050.320000,7.72
0,Charger,Online,Jhang,4972,12726480.00,15086480.00,252,5.07,3034.290000,7.48
0,Charger,Online,Karachi,25754,66037247.00,78263747.00,1301,5.05,3038.900000,38.27
0,Charger,Online,Kasur,4928,12535855.00,14858355.00,283,5.74,3015.090000,7.34
0,Charger,Online,Lahore,13135,33766779.00,40027279.00,614,4.67,3047.380000,19.52
0,Charger,Online,Larkana,5133,13174621.00,15614121.00,254,4.95,3041.910000,7.65
0,Charger,Online,Multan,4958,12650009.00,14995509.00,267,5.39,3024.510000,7.42
0,Charger,Online,Nawabshah,4922,12585134.00,14918134.00,256,5.2,3030.910000,7.36
0,Charger,Online,Okara,5115,13152831.00,15587331.00,246,4.81,3047.380000,7.65
0,Charger,Online,Peshawar,5066,13056661.00,15476161.00,227,4.48,3054.910000,7.6
0,Charger,Online,Quetta,5111,13186015.00,15628515.00,226,4.42,3057.820000,7.62
0,Charger,Online,Rahim Yar Khan,5157,13225298.00,15676298.00,255,4.94,3039.810000,7.7
0,Charger,Online,Rawalpindi,5057,13018281.00,15427781.00,238,4.71,3050.780000,7.56
0,Charger,Online,Sargodha,5033,12892519.00,15283019.00,252,5.01,3036.560000,7.5
0,Charger,Online,Sheikhupura,5148,13202898.00,15653898.00,246,4.78,3040.770000,7.66
0,Charger,Online,Sialkot,5026,12904325.00,15291825.00,251,4.99,3042.540000,7.49
0,Charger,Online,Sukkur,5078,13027671.00,15442171.00,249,4.9,3040.990000,7.58
0,Desk Lamp,In-Store,Bahawalpur,1181,10629381.00,10629381.00,62,5.25,9000.320000,2.16
0,Desk Lamp,In-Store,Faisalabad,1160,10467898.00,10467898.00,58,5,9024.050000,2.1
0,Desk Lamp,In-Store,Gujranwala,1167,10448900.00,10448900.00,67,5.74,8953.640000,2.16
0,Desk Lamp,In-Store,Islamabad,1210,11009341.00,11009341.00,51,4.21,9098.630000,2.18
0,Desk Lamp,In-Store,Jhang,1087,9888459.00,9888459.00,46,4.23,9097.020000,2.07
0,Desk Lamp,In-Store,Karachi,53015,477932686.00,477932686.00,2701,5.09,9015.050000,78.77
0,Desk Lamp,In-Store,Kasur,1195,10752868.00,10752868.00,63,5.27,8998.220000,2.18
0,Desk Lamp,In-Store,Lahore,32370,291894771.00,291894771.00,1641,5.07,9017.450000,48.1
0,Desk Lamp,In-Store,Larkana,1233,11208820.00,11208820.00,53,4.3,9090.690000,2.18
0,Desk Lamp,In-Store,Multan,1213,10904852.00,10904852.00,65,5.36,8989.990000,2.23
0,Desk Lamp,In-Store,Nawabshah,1176,10591385.00,10591385.00,61,5.19,9006.280000,2.18
0,Desk Lamp,In-Store,Okara,1158,10496395.00,10496395.00,53,4.58,9064.240000,2.1
0,Desk Lamp,In-Store,Peshawar,1131,10211425.00,10211425.00,56,4.95,9028.670000,2.12
0,Desk Lamp,In-Store,Quetta,1200,10800363.00,10800363.00,63,5.25,9000.300000,2.21
0,Desk Lamp,In-Store,Rahim Yar Khan,1179,10686375.00,10686375.00,54,4.58,9063.930000,2.12
0,Desk Lamp,In-Store,Rawalpindi,1251,11284812.00,11284812.00,63,5.04,9020.630000,2.22
0,Desk Lamp,In-Store,Sargodha,1170,10591385.00,10591385.00,55,4.7,9052.470000,2.15
0,Desk Lamp,In-Store,Sheikhupura,1119,10154431.00,10154431.00,50,4.47,9074.560000,2.1
0,Desk Lamp,In-Store,Sialkot,1153,10458399.00,10458399.00,52,4.51,9070.600000,2.12
0,Desk Lamp,In-Store,Sukkur,1138,10097437.00,10097437.00,75,6.59,8872.970000,2.15
0,Desk Lamp,Online,Bahawalpur,2518,22617119.00,23807619.00,137,5.44,9454.970000,3.99
0,Desk Lamp,Online,Faisalabad,2584,23472029.00,24707529.00,113,4.37,9561.740000,4.08
0,Desk Lamp,Online,Gujranwala,2601,23538522.00,24777522.00,123,4.73,9526.150000,4.09
0,Desk Lamp,Online,Islamabad,2491,22465135.00,23647635.00,126,5.06,9493.230000,3.98
0,Desk Lamp,Online,Jhang,2648,24174955.00,25447455.00,103,3.89,9610.070000,4.2
0,Desk Lamp,Online,Karachi,13000,117531127.00,123717627.00,627,4.82,9516.740000,19.32
0,Desk Lamp,Online,Kasur,2517,22778602.00,23977602.00,119,4.73,9526.260000,3.95
0,Desk Lamp,Online,Lahore,6470,58371355.00,61443855.00,325,5.02,9496.730000,9.61
0,Desk Lamp,Online,Larkana,2521,22731107.00,23927607.00,128,5.08,9491.320000,3.96
0,Desk Lamp,Online,Multan,2551,23025576.00,24237576.00,127,4.98,9501.210000,3.99
0,Desk Lamp,Online,Nawabshah,2502,22636117.00,23827617.00,119,4.76,9523.430000,3.92
0,Desk Lamp,Online,Okara,2497,22484133.00,23667633.00,130,5.21,9478.430000,3.99
0,Desk Lamp,Online,Peshawar,2461,22151668.00,23317668.00,129,5.24,9474.880000,3.88
0,Desk Lamp,Online,Quetta,2571,23054073.00,24267573.00,144,5.6,9438.960000,4
0,Desk Lamp,Online,Rahim Yar Khan,2452,22199163.00,23367663.00,115,4.69,9530.040000,3.83
0,Desk Lamp,Online,Rawalpindi,2569,23187059.00,24407559.00,128,4.98,9500.800000,4.03
0,Desk Lamp,Online,Sargodha,2532,22645616.00,23837616.00,148,5.85,9414.540000,3.95
0,Desk Lamp,Online,Sheikhupura,2586,23073071.00,24287571.00,157,6.07,9391.950000,4.04
0,Desk Lamp,Online,Sialkot,2536,22579123.00,23767623.00,159,6.27,9372.090000,3.98
0,Desk Lamp,Online,Sukkur,2464,22227660.00,23397660.00,124,5.03,9495.800000,3.87
0,Earbuds,In-Store,Bahawalpur,2459,13303180.00,13303180.00,139,5.65,5410.000000,3.74
0,Earbuds,In-Store,Faisalabad,2302,12544814.00,12544814.00,116,5.04,5449.530000,3.57
0,Earbuds,In-Store,Gujranwala,2382,13109214.00,13109214.00,96,4.03,5503.450000,3.65
0,Earbuds,In-Store,Islamabad,2418,13209203.00,13209203.00,121,5,5462.860000,3.75
0,Earbuds,In-Store,Jhang,2369,12917247.00,12917247.00,116,4.9,5452.620000,3.64
0,Earbuds,In-Store,Karachi,106503,581237310.00,581237310.00,5313,4.99,5457.470000,158.25
0,Earbuds,In-Store,Kasur,2347,12789284.00,12789284.00,131,5.58,5449.200000,3.69
0,Earbuds,In-Store,Lahore,63979,349400746.00,349400746.00,3225,5.04,5461.180000,95.07
0,Earbuds,In-Store,Larkana,2362,12788268.00,12788268.00,130,5.5,5414.170000,3.64
0,Earbuds,In-Store,Multan,2404,13249201.00,13249201.00,105,4.37,5511.310000,3.7
0,Earbuds,In-Store,Nawabshah,2429,13375177.00,13375177.00,106,4.36,5506.450000,3.75
0,Earbuds,In-Store,Okara,2376,13058716.00,13058716.00,92,3.87,5496.090000,3.66
0,Earbuds,In-Store,Peshawar,2360,12920746.00,12920746.00,106,4.49,5474.890000,3.72
0,Earbuds,In-Store,Quetta,2349,12786774.00,12786774.00,123,5.24,5443.500000,3.59
0,Earbuds,In-Store,Rahim Yar Khan,2409,13204709.00,13204709.00,118,4.9,5481.410000,3.72
0,Earbuds,In-Store,Rawalpindi,2276,12476839.00,12476839.00,115,5.05,5481.920000,3.53
0,Earbuds,In-Store,Sargodha,2447,13487163.00,13487163.00,110,4.5,5511.710000,3.79
0,Earbuds,In-Store,Sheikhupura,2259,12356851.00,12356851.00,110,4.87,5470.050000,3.45
0,Earbuds,In-Store,Sialkot,2434,13271689.00,13271689.00,123,5.05,5452.620000,3.78
0,Earbuds,In-Store,Sukkur,2313,12621305.00,12621305.00,118,5.1,5456.680000,3.57
0,Earbuds,Online,Bahawalpur,5030,27641703.00,30040203.00,233,4.63,5972.210000,7.55
0,Earbuds,Online,Faisalabad,5091,27766167.00,30182667.00,258,5.07,5928.630000,7.62
0,Earbuds,Online,Gujranwala,5061,27515219.00,29905719.00,280,5.53,5909.050000,7.54
0,Earbuds,Online,Islamabad,5100,27772648.00,30198648.00,248,4.86,5921.300000,7.63
0,Earbuds,Online,Jhang,5096,27926141.00,30355641.00,237,4.65,5956.760000,7.64
0,Earbuds,Online,Karachi,26141,142979656.00,155401656.00,1297,4.96,5944.750000,38.84
0,Earbuds,Online,Kasur,5041,27637702.00,30036702.00,243,4.82,5958.480000,7.54
0,Earbuds,Online,Lahore,12850,70346282.00,76455282.00,632,4.92,5949.830000,19.09
0,Earbuds,Online,Larkana,5055,27573701.00,29973201.00,256,5.06,5929.420000,7.58
0,Earbuds,Online,Multan,4952,26981808.00,29327808.00,260,5.25,5922.420000,7.41
0,Earbuds,Online,Nawabshah,5130,28020127.00,30456627.00,257,5.01,5936.960000,7.66
0,Earbuds,Online,Okara,5233,28467545.00,30945045.00,278,5.31,5913.440000,7.85
0,Earbuds,Online,Peshawar,5025,27327238.00,29708238.00,263,5.23,5912.090000,7.53
0,Earbuds,Online,Quetta,5063,27444223.00,29832723.00,286,5.65,5892.300000,7.57
0,Earbuds,Online,Rahim Yar Khan,5043,27464207.00,29860707.00,250,4.96,5921.220000,7.57
0,Earbuds,Online,Rawalpindi,5178,28310084.00,30768084.00,262,5.06,5942.080000,7.76
0,Earbuds,Online,Sargodha,5016,27350252.00,29724252.00,268,5.34,5925.890000,7.49
0,Earbuds,Online,Sheikhupura,5067,27738686.00,30145686.00,253,4.99,5949.420000,7.59
0,Earbuds,Online,Sialkot,5016,27590715.00,29983215.00,231,4.61,5977.510000,7.49
0,Earbuds,Online,Sukkur,5061,27556693.00,29960193.00,254,5.02,5919.820000,7.58
0,Fitness Band,In-Store,Bahawalpur,2525,18504609.00,18504609.00,134,5.31,7328.560000,3.85
0,Fitness Band,In-Store,Faisalabad,2329,17217279.00,17217279.00,108,4.64,7392.560000,3.62
0,Fitness Band,In-Store,Gujranwala,2316,17137293.00,17137293.00,109,4.71,7399.520000,3.56
0,Fitness Band,In-Store,Islamabad,2357,17470248.00,17470248.00,105,4.45,7412.070000,3.63
0,Fitness Band,In-Store,Jhang,2466,18143655.00,18143655.00,121,4.91,7357.520000,3.76
0,Fitness Band,In-Store,Karachi,107204,789610080.00,789610080.00,5284,4.93,7365.490000,159.29
0,Fitness Band,In-Store,Kasur,2378,17619222.00,17619222.00,100,4.21,7409.260000,3.66
0,Fitness Band,In-Store,Lahore,64262,472987443.00,472987443.00,3205,4.99,7360.300000,95.49
0,Fitness Band,In-Store,Larkana,2403,17676714.00,17676714.00,117,4.87,7356.100000,3.74
0,Fitness Band,In-Store,Multan,2367,17417748.00,17417748.00,115,4.86,7358.580000,3.67
0,Fitness Band,In-Store,Nawabshah,2436,17959686.00,17959686.00,122,5.01,7372.610000,3.73
0,Fitness Band,In-Store,Okara,2368,17391756.00,17391756.00,124,5.24,7344.490000,3.64
0,Fitness Band,In-Store,Peshawar,2349,17423751.00,17423751.00,100,4.26,7417.520000,3.62
0,Fitness Band,In-Store,Quetta,2345,17209773.00,17209773.00,118,5.03,7338.920000,3.6
0,Fitness Band,In-Store,Rahim Yar Khan,2414,17942190.00,17942190.00,104,4.31,7432.560000,3.67
0,Fitness Band,In-Store,Rawalpindi,2368,17346258.00,17346258.00,126,5.32,7325.280000,3.71
0,Fitness Band,In-Store,Sargodha,2276,16742337.00,16742337.00,113,4.96,7356.040000,3.51
0,Fitness Band,In-Store,Sheikhupura,2419,17986689.00,17986689.00,108,4.46,7435.590000,3.68
0,Fitness Band,In-Store,Sialkot,2322,17127786.00,17127786.00,108,4.65,7376.310000,3.57
0,Fitness Band,In-Store,Sukkur,2431,17804202.00,17804202.00,133,5.47,7323.820000,3.73
0,Fitness Band,Online,Bahawalpur,5133,37687134.00,40120134.00,267,5.2,7816.120000,7.71
0,Fitness Band,Online,Faisalabad,5066,37154700.00,39554700.00,266,5.25,7807.880000,7.61
0,Fitness Band,Online,Gujranwala,5226,38340048.00,40816048.00,274,5.24,7810.190000,7.84
0,Fitness Band,Online,Islamabad,5034,37071225.00,39458725.00,259,5.15,7838.440000,7.56
0,Fitness Band,Online,Jhang,5075,37469664.00,39887664.00,239,4.71,7859.640000,7.61
0,Fitness Band,Online,Karachi,26156,192956637.00,205388137.00,1293,4.94,7852.430000,38.86
0,Fitness Band,Online,Kasur,5045,37102188.00,39508188.00,233,4.62,7831.160000,7.56
0,Fitness Band,Online,Lahore,12770,93776889.00,99832389.00,659,5.16,7817.730000,18.97
0,Fitness Band,Online,Larkana,5140,37685121.00,40124621.00,261,5.08,7806.350000,7.71
0,Fitness Band,Online,Multan,5065,37378179.00,39788679.00,244,4.82,7855.610000,7.56
0,Fitness Band,Online,Nawabshah,4945,36340311.00,38684811.00,256,5.18,7823.020000,7.44
0,Fitness Band,Online,Okara,5082,37746627.00,40183127.00,209,4.11,7906.950000,7.64
0,Fitness Band,Online,Peshawar,5057,37227201.00,39626701.00,258,5.1,7836.010000,7.57
0,Fitness Band,Online,Quetta,5112,37641636.00,40073636.00,248,4.85,7839.130000,7.65
0,Fitness Band,Online,Rahim Yar Khan,5068,37500660.00,39920660.00,228,4.5,7877.000000,7.61
0,Fitness Band,Online,Rawalpindi,5169,38116584.00,40574584.00,253,4.89,7849.600000,7.73
0,Fitness Band,Online,Sargodha,5071,37040208.00,39436208.00,279,5.5,7776.810000,7.59
0,Fitness Band,Online,Sheikhupura,4997,36877251.00,39251751.00,248,4.96,7855.060000,7.46
0,Fitness Band,Online,Sialkot,5056,37158699.00,39559199.00,255,5.04,7824.210000,7.54
0,Fitness Band,Online,Sukkur,5124,38031603.00,40480103.00,227,4.43,7900.100000,7.65
0,Headphones,In-Store,Bahawalpur,2335,48956781.00,48956781.00,116,4.97,20966.500000,3.59
0,Headphones,In-Store,Faisalabad,2350,48963774.00,48963774.00,124,5.28,20835.650000,3.63
0,Headphones,In-Store,Gujranwala,2389,49675740.00,49675740.00,129,5.4,20793.530000,3.64
0,Headphones,In-Store,Islamabad,2326,48856791.00,48856791.00,117,5.03,21004.640000,3.61
0,Headphones,In-Store,Jhang,2327,48656793.00,48656793.00,120,5.16,20909.670000,3.59
0,Headphones,In-Store,Karachi,106163,2217384189.00,2217384189.00,5352,5.04,20886.600000,157.75
0,Headphones,In-Store,Kasur,2303,48137814.00,48137814.00,117,5.08,20902.220000,3.5
0,Headphones,In-Store,Lahore,63930,1335902283.00,1335902283.00,3213,5.03,20896.330000,94.99
0,Headphones,In-Store,Larkana,2281,48375810.00,48375810.00,91,3.99,21208.160000,3.54
0,Headphones,In-Store,Multan,2271,47420841.00,47420841.00,112,4.93,20881.040000,3.55
0,Headphones,In-Store,Nawabshah,2382,49775736.00,49775736.00,118,4.95,20896.610000,3.65
0,Headphones,In-Store,Okara,2279,47423850.00,47423850.00,129,5.66,20809.060000,3.57
0,Headphones,In-Store,Peshawar,2337,49103772.00,49103772.00,109,4.66,21011.460000,3.62
0,Headphones,In-Store,Quetta,2454,51489660.00,51489660.00,114,4.65,20981.930000,3.75
0,Headphones,In-Store,Rahim Yar Khan,2329,48380793.00,48380793.00,122,5.24,20773.200000,3.56
0,Headphones,In-Store,Rawalpindi,2290,48086823.00,48086823.00,113,4.93,20998.610000,3.55
0,Headphones,In-Store,Sargodha,2279,47580837.00,47580837.00,116,5.09,20877.950000,3.51
0,Headphones,In-Store,Sheikhupura,2352,49380753.00,49380753.00,105,4.46,20995.220000,3.65
0,Headphones,In-Store,Sialkot,2251,46839870.00,46839870.00,121,5.38,20808.470000,3.51
0,Headphones,In-Store,Sukkur,2411,50627700.00,50627700.00,111,4.6,20998.630000,3.74
0,Headphones,Online,Bahawalpur,5042,105099204.00,107497204.00,246,4.88,21320.350000,7.54
0,Headphones,Online,Faisalabad,5082,106982151.00,109406651.00,233,4.58,21528.270000,7.62
0,Headphones,Online,Gujranwala,5036,105344205.00,107741705.00,241,4.79,21394.300000,7.51
0,Headphones,Online,Islamabad,4973,103253292.00,105607292.00,265,5.33,21236.130000,7.39
0,Headphones,Online,Jhang,5087,106950141.00,109379641.00,228,4.48,21501.800000,7.62
0,Headphones,Online,Karachi,26276,550380978.00,562891978.00,1254,4.77,21422.290000,39.04
0,Headphones,Online,Kasur,5078,105763176.00,108175176.00,254,5,21302.710000,7.62
0,Headphones,Online,Lahore,12878,269194773.00,275308273.00,651,5.06,21378.190000,19.14
0,Headphones,Online,Larkana,4957,103371312.00,105715312.00,269,5.43,21326.470000,7.42
0,Headphones,Online,Multan,5081,105370209.00,107765709.00,290,5.71,21209.550000,7.64
0,Headphones,Online,Nawabshah,5032,105235224.00,107623224.00,256,5.09,21387.760000,7.5
0,Headphones,Online,Okara,5155,108049086.00,110506086.00,241,4.68,21436.680000,7.75
0,Headphones,Online,Peshawar,5043,105506199.00,107906699.00,242,4.8,21397.320000,7.53
0,Headphones,Online,Quetta,5017,104773224.00,107161224.00,241,4.8,21359.620000,7.47
0,Headphones,Online,Rahim Yar Khan,5059,105629190.00,108034190.00,249,4.92,21354.850000,7.56
0,Headphones,Online,Rawalpindi,5113,106816143.00,109244643.00,256,5.01,21366.060000,7.67
0,Headphones,Online,Sargodha,5130,107199126.00,109636126.00,256,4.99,21371.560000,7.63
0,Headphones,Online,Sheikhupura,5056,105632199.00,108032699.00,255,5.04,21367.230000,7.57
0,Headphones,Online,Sialkot,5007,104862237.00,107243737.00,244,4.87,21418.760000,7.53
0,Headphones,Online,Sukkur,5108,106988139.00,109418639.00,247,4.84,21421.030000,7.62
0,Mouse,In-Store,Bahawalpur,2315,4420196.00,4420196.00,111,4.79,1909.370000,3.57
0,Mouse,In-Store,Faisalabad,2333,4435784.00,4435784.00,117,5.02,1901.320000,3.63
0,Mouse,In-Store,Gujranwala,2306,4368421.00,4368421.00,127,5.51,1894.370000,3.59
0,Mouse,In-Store,Islamabad,2396,4533129.00,4533129.00,125,5.22,1891.960000,3.71
0,Mouse,In-Store,Jhang,2379,4522936.00,4522936.00,115,4.83,1901.190000,3.67
0,Mouse,In-Store,Karachi,106159,201531811.00,201531811.00,5370,5.06,1898.400000,157.74
0,Mouse,In-Store,Kasur,2262,4325034.00,4325034.00,96,4.24,1912.040000,3.5
0,Mouse,In-Store,Lahore,64206,121839086.00,121839086.00,3292,5.13,1897.630000,95.4
0,Mouse,In-Store,Larkana,2370,4471157.00,4471157.00,127,5.36,1886.560000,3.6
0,Mouse,In-Store,Multan,2368,4512550.00,4512550.00,118,4.98,1905.640000,3.65
0,Mouse,In-Store,Nawabshah,2339,4450783.00,4450783.00,122,5.22,1902.860000,3.61
0,Mouse,In-Store,Okara,2433,4650474.00,4650474.00,107,4.4,1911.420000,3.75
0,Mouse,In-Store,Peshawar,2411,4598098.00,4598098.00,109,4.52,1907.130000,3.72
0,Mouse,In-Store,Quetta,2324,4414188.00,4414188.00,112,4.82,1899.390000,3.62
0,Mouse,In-Store,Rahim Yar Khan,2394,4533923.00,4533923.00,117,4.89,1893.870000,3.68
0,Mouse,In-Store,Rawalpindi,2393,4559724.00,4559724.00,117,4.89,1905.440000,3.69
0,Mouse,In-Store,Sargodha,2457,4667465.00,4667465.00,122,4.97,1899.660000,3.77
0,Mouse,In-Store,Sheikhupura,2341,4430976.00,4430976.00,117,5,1892.770000,3.57
0,Mouse,In-Store,Sialkot,2338,4434385.00,4434385.00,123,5.26,1896.660000,3.65
0,Mouse,In-Store,Sukkur,2319,4372415.00,4372415.00,134,5.78,1885.470000,3.54
0,Mouse,Online,Bahawalpur,4945,9398094.00,11751094.00,239,4.83,2376.360000,7.37
0,Mouse,Online,Faisalabad,4994,9514448.00,11890448.00,242,4.85,2380.950000,7.51
0,Mouse,Online,Gujranwala,5079,9691162.00,12110162.00,241,4.75,2384.360000,7.58
0,Mouse,Online,Islamabad,5044,9584404.00,11982404.00,248,4.92,2375.580000,7.55
0,Mouse,Online,Jhang,5059,9585204.00,11983204.00,263,5.2,2368.690000,7.57
0,Mouse,Online,Karachi,26171,49745703.00,62194203.00,1274,4.87,2376.450000,38.89
0,Mouse,Online,Kasur,5040,9522022.00,11911022.00,262,5.2,2363.300000,7.54
0,Mouse,Online,Lahore,12846,24465358.00,30586358.00,604,4.7,2381.000000,19.09
0,Mouse,Online,Larkana,5001,9512846.00,11889846.00,247,4.94,2377.490000,7.54
0,Mouse,Online,Multan,5034,9596211.00,11990711.00,245,4.87,2381.940000,7.55
0,Mouse,Online,Nawabshah,5018,9524623.00,11913123.00,241,4.8,2374.080000,7.49
0,Mouse,Online,Okara,5097,9654157.00,12075657.00,254,4.98,2369.170000,7.61
0,Mouse,Online,Peshawar,5049,9622792.00,12026792.00,241,4.77,2382.010000,7.52
0,Mouse,Online,Quetta,5038,9535021.00,11924521.00,259,5.14,2366.920000,7.58
0,Mouse,Online,Rahim Yar Khan,4985,9526836.00,11908836.00,221,4.43,2388.930000,7.51
0,Mouse,Online,Rawalpindi,5045,9579401.00,11978901.00,246,4.88,2374.410000,7.55
0,Mouse,Online,Sargodha,5050,9576412.00,11970412.00,262,5.19,2370.380000,7.54
0,Mouse,Online,Sheikhupura,5118,9637166.00,12054166.00,284,5.55,2355.250000,7.67
0,Mouse,Online,Sialkot,5040,9559210.00,11954210.00,250,4.96,2371.870000,7.53
0,Mouse,Online,Sukkur,4976,9537236.00,11919236.00,212,4.26,2395.340000,7.45
0,Power Bank,In-Store,Bahawalpur,2325,10523789.00,10523789.00,114,4.9,4526.360000,3.59
0,Power Bank,In-Store,Faisalabad,2302,10378814.00,10378814.00,116,5.04,4508.610000,3.56
0,Power Bank,In-Store,Gujranwala,2323,10407308.00,10407308.00,131,5.64,4480.120000,3.58
0,Power Bank,In-Store,Islamabad,2452,11078684.00,11078684.00,136,5.55,4518.220000,3.77
0,Power Bank,In-Store,Jhang,2379,10790235.00,10790235.00,114,4.79,4535.620000,3.68
0,Power Bank,In-Store,Karachi,106296,478921962.00,478921962.00,5258,4.95,4505.550000,157.94
0,Power Bank,In-Store,Kasur,2417,10765722.00,10765722.00,139,5.75,4454.170000,3.69
0,Power Bank,In-Store,Lahore,63748,287483973.00,287483973.00,3221,5.05,4509.690000,94.72
0,Power Bank,In-Store,Larkana,2378,10799226.00,10799226.00,104,4.37,4541.310000,3.68
0,Power Bank,In-Store,Multan,2390,10652248.00,10652248.00,138,5.77,4457.010000,3.71
0,Power Bank,In-Store,Nawabshah,2431,10905692.00,10905692.00,123,5.06,4486.090000,3.76
0,Power Bank,In-Store,Okara,2384,10872223.00,10872223.00,107,4.49,4560.500000,3.67
0,Power Bank,In-Store,Peshawar,2437,10931701.00,10931701.00,138,5.66,4485.720000,3.74
0,Power Bank,In-Store,Quetta,2413,10766716.00,10766716.00,129,5.35,4461.960000,3.74
0,Power Bank,In-Store,Rahim Yar Khan,2395,10844226.00,10844226.00,121,5.05,4527.860000,3.68
0,Power Bank,In-Store,Rawalpindi,2474,11191636.00,11191636.00,110,4.45,4523.700000,3.85
0,Power Bank,In-Store,Sargodha,2425,10945692.00,10945692.00,117,4.82,4513.690000,3.73
0,Power Bank,In-Store,Sheikhupura,2368,10624266.00,10624266.00,134,5.66,4486.600000,3.67
0,Power Bank,In-Store,Sialkot,2393,10844226.00,10844226.00,119,4.97,4531.640000,3.69
0,Power Bank,In-Store,Sukkur,2365,10602765.00,10602765.00,130,5.5,4483.200000,3.64
0,Power Bank,Online,Bahawalpur,5133,23059638.00,25490638.00,271,5.28,4966.030000,7.65
0,Power Bank,Online,Faisalabad,5156,23346586.00,25803586.00,242,4.69,5004.570000,7.71
0,Power Bank,Online,Gujranwala,4921,22212805.00,24560305.00,226,4.59,4990.920000,7.36
0,Power Bank,Online,Islamabad,5080,22963157.00,25384657.00,237,4.67,4996.980000,7.6
0,Power Bank,Online,Jhang,5181,23273579.00,25734079.00,260,5.02,4967.010000,7.8
0,Power Bank,Online,Karachi,26155,118097133.00,130530633.00,1288,4.92,4990.660000,38.86
0,Power Bank,Online,Kasur,5013,22684743.00,25063243.00,256,5.11,4999.650000,7.5
0,Power Bank,Online,Lahore,12945,58250235.00,64382735.00,680,5.25,4973.560000,19.23
0,Power Bank,Online,Larkana,5234,23549021.00,26038521.00,255,4.87,4974.880000,7.8
0,Power Bank,Online,Multan,5013,22710240.00,25090240.00,253,5.05,5005.030000,7.49
0,Power Bank,Online,Nawabshah,5093,23067650.00,25492650.00,243,4.77,5005.430000,7.6
0,Power Bank,Online,Okara,5003,22566756.00,24938756.00,259,5.18,4984.760000,7.51
0,Power Bank,Online,Peshawar,4987,22488759.00,24859259.00,246,4.93,4984.810000,7.42
0,Power Bank,Online,Quetta,4967,22187800.00,24537800.00,267,5.38,4940.170000,7.4
0,Power Bank,Online,Rahim Yar Khan,4982,22331791.00,24686291.00,273,5.48,4955.100000,7.47
0,Power Bank,Online,Rawalpindi,5084,22990657.00,25412157.00,241,4.74,4998.460000,7.66
0,Power Bank,Online,Sargodha,5075,22752705.00,25150205.00,280,5.52,4955.710000,7.59
0,Power Bank,Online,Sheikhupura,5136,23193117.00,25634617.00,253,4.93,4991.160000,7.63
0,Power Bank,Online,Sialkot,5077,22901661.00,25321161.00,238,4.69,4987.430000,7.59
0,Power Bank,Online,Sukkur,5107,22925140.00,25355140.00,247,4.84,4964.780000,7.66
0,Smartwatch,In-Store,Bahawalpur,3547,43845631.00,43845631.00,178,5.02,12361.330000,5.33
0,Smartwatch,In-Store,Faisalabad,3553,43753623.00,43753623.00,176,4.95,12314.560000,5.33
0,Smartwatch,In-Store,Gujranwala,3530,43886642.00,43886642.00,172,4.87,12432.480000,5.29
0,Smartwatch,In-Store,Islamabad,3545,43646610.00,43646610.00,155,4.37,12312.160000,5.29
0,Smartwatch,In-Store,Jhang,3541,43565647.00,43565647.00,188,5.31,12303.200000,5.34
0,Smartwatch,In-Store,Karachi,160217,1979586697.00,1979586697.00,7914,4.94,12355.660000,238.06
0,Smartwatch,In-Store,Kasur,3565,43967629.00,43967629.00,194,5.44,12333.140000,5.32
0,Smartwatch,In-Store,Lahore,95927,1183773955.00,1183773955.00,4882,5.09,12340.360000,142.54
0,Smartwatch,In-Store,Larkana,3599,44245583.00,44245583.00,182,5.06,12293.850000,5.38
0,Smartwatch,In-Store,Multan,3649,44938554.00,44938554.00,203,5.56,12315.310000,5.47
0,Smartwatch,In-Store,Nawabshah,3500,43496660.00,43496660.00,160,4.57,12427.620000,5.24
0,Smartwatch,In-Store,Okara,3510,42949695.00,42949695.00,205,5.84,12236.380000,5.29
0,Smartwatch,In-Store,Peshawar,3549,43817623.00,43817623.00,172,4.85,12346.470000,5.31
0,Smartwatch,In-Store,Quetta,3597,44063597.00,44063597.00,194,5.39,12250.100000,5.38
0,Smartwatch,In-Store,Rahim Yar Khan,3572,44290578.00,44290578.00,150,4.2,12399.380000,5.34
0,Smartwatch,In-Store,Rawalpindi,3475,42460716.00,42460716.00,191,5.5,12218.910000,5.2
0,Smartwatch,In-Store,Sargodha,3639,44647553.00,44647553.00,192,5.28,12269.180000,5.44
0,Smartwatch,In-Store,Sheikhupura,3456,42943717.00,42943717.00,173,5.01,12425.840000,5.22
0,Smartwatch,In-Store,Sialkot,3540,43581635.00,43581635.00,175,4.94,12311.200000,5.28
0,Smartwatch,In-Store,Sukkur,3589,44346566.00,44346566.00,155,4.32,12356.250000,5.37
0,Smartwatch,Online,Bahawalpur,7599,93587777.00,97199277.00,376,4.95,12791.060000,11.29
0,Smartwatch,Online,Faisalabad,7478,92379893.00,95933393.00,371,4.96,12828.750000,11.11
0,Smartwatch,Online,Gujranwala,7696,94706706.00,98353706.00,402,5.22,12779.850000,11.44
0,Smartwatch,Online,Islamabad,7694,95285687.00,98942187.00,381,4.95,12859.660000,11.45
0,Smartwatch,Online,Jhang,7581,93824816.00,97416816.00,397,5.24,12850.130000,11.26
0,Smartwatch,Online,Karachi,38887,480461022.00,498950022.00,1909,4.91,12830.770000,57.78
0,Smartwatch,Online,Kasur,7491,92090918.00,95631918.00,409,5.46,12766.240000,11.13
0,Smartwatch,Online,Lahore,19324,238741636.00,247923636.00,960,4.97,12829.830000,28.71
0,Smartwatch,Online,Larkana,7545,93033847.00,96610347.00,392,5.2,12804.550000,11.23
0,Smartwatch,Online,Multan,7516,92637871.00,96202371.00,387,5.15,12799.680000,11.17
0,Smartwatch,Online,Nawabshah,7540,93157819.00,96748319.00,359,4.76,12831.340000,11.2
0,Smartwatch,Online,Okara,7635,94254734.00,97887734.00,369,4.83,12820.920000,11.36
0,Smartwatch,Online,Peshawar,7787,95947621.00,99637121.00,408,5.24,12795.320000,11.57
0,Smartwatch,Online,Quetta,7546,93037831.00,96622331.00,377,5,12804.440000,11.23
0,Smartwatch,Online,Rahim Yar Khan,7596,93565803.00,97164303.00,399,5.25,12791.510000,11.29
0,Smartwatch,Online,Rawalpindi,7545,93635829.00,97221329.00,374,4.96,12885.530000,11.21
0,Smartwatch,Online,Sargodha,7720,95451689.00,99107189.00,409,5.3,12837.720000,11.47
0,Smartwatch,Online,Sheikhupura,7596,93714802.00,97313802.00,398,5.24,12811.190000,11.29
0,Smartwatch,Online,Sialkot,7467,92023909.00,95569409.00,376,5.04,12798.900000,11.13
0,Smartwatch,Online,Sukkur,7560,93152832.00,96736832.00,392,5.19,12795.880000,11.25
0,Speaker,In-Store,Bahawalpur,2387,15266234.00,15266234.00,121,5.07,6395.570000,3.64
0,Speaker,In-Store,Faisalabad,2307,14759311.00,14759311.00,118,5.11,6397.620000,3.52
0,Speaker,In-Store,Gujranwala,2338,14969283.00,14969283.00,121,5.18,6402.600000,3.62
0,Speaker,In-Store,Islamabad,2415,15498702.00,15498702.00,117,4.84,6417.680000,3.7
0,Speaker,In-Store,Jhang,2448,15698170.00,15698170.00,118,4.82,6412.650000,3.8
0,Speaker,In-Store,Karachi,105740,677371644.00,677371644.00,5384,5.09,6406.010000,157.12
0,Speaker,In-Store,Kasur,2278,14559849.00,14559849.00,127,5.58,6391.510000,3.55
0,Speaker,In-Store,Lahore,64185,411404056.00,411404056.00,3241,5.05,6409.660000,95.37
0,Speaker,In-Store,Larkana,2466,15708669.00,15708669.00,135,5.47,6370.100000,3.82
0,Speaker,In-Store,Multan,2422,15611187.00,15611187.00,109,4.5,6445.580000,3.72
0,Speaker,In-Store,Nawabshah,2406,15444708.00,15444708.00,114,4.74,6419.250000,3.69
0,Speaker,In-Store,Okara,2372,15209248.00,15209248.00,120,5.06,6411.990000,3.65
0,Speaker,In-Store,Peshawar,2300,14703816.00,14703816.00,116,5.04,6392.960000,3.54
0,Speaker,In-Store,Quetta,2376,15147753.00,15147753.00,129,5.43,6375.320000,3.65
0,Speaker,In-Store,Rahim Yar Khan,2321,14756309.00,14756309.00,130,5.6,6357.740000,3.62
0,Speaker,In-Store,Rawalpindi,2350,14958770.00,14958770.00,120,5.11,6365.430000,3.63
0,Speaker,In-Store,Sargodha,2468,15939635.00,15939635.00,103,4.17,6458.520000,3.82
0,Speaker,In-Store,Sheikhupura,2290,14727823.00,14727823.00,113,4.93,6431.360000,3.54
0,Speaker,In-Store,Sialkot,2344,15206258.00,15206258.00,102,4.35,6487.310000,3.64
0,Speaker,In-Store,Sukkur,2433,15602192.00,15602192.00,125,5.14,6412.740000,3.73
0,Speaker,Online,Bahawalpur,5044,32410205.00,34807705.00,249,4.94,6900.810000,7.57
0,Speaker,Online,Faisalabad,5103,32695165.00,35112665.00,268,5.25,6880.790000,7.62
0,Speaker,Online,Gujranwala,4973,31676795.00,34029295.00,268,5.39,6842.810000,7.39
0,Speaker,Online,Islamabad,4996,31985752.00,34359752.00,248,4.96,6877.450000,7.51
0,Speaker,Online,Jhang,5045,32476192.00,34880192.00,237,4.7,6913.810000,7.53
0,Speaker,Online,Karachi,26244,168488090.00,180943090.00,1334,5.08,6894.650000,39
0,Speaker,Online,Kasur,5011,32107240.00,34487240.00,251,5.01,6882.310000,7.49
0,Speaker,Online,Lahore,12689,81058474.00,87071474.00,663,5.22,6861.970000,18.85
0,Speaker,Online,Larkana,5037,32428204.00,34826204.00,241,4.78,6914.080000,7.52
0,Speaker,Online,Multan,4970,31802784.00,34160784.00,254,5.11,6873.400000,7.47
0,Speaker,Online,Nawabshah,4966,31880773.00,34244273.00,239,4.81,6895.750000,7.43
0,Speaker,Online,Okara,5142,33100115.00,35542615.00,257,5,6912.220000,7.65
0,Speaker,Online,Peshawar,5091,32474675.00,34887175.00,266,5.22,6852.720000,7.6
0,Speaker,Online,Quetta,5056,32408702.00,34807702.00,258,5.1,6884.430000,7.64
0,Speaker,Online,Rahim Yar Khan,5087,32663659.00,35084159.00,246,4.84,6896.830000,7.59
0,Speaker,Online,Rawalpindi,5050,32398197.00,34799697.00,247,4.89,6891.030000,7.51
0,Speaker,Online,Sargodha,4989,31816265.00,34183765.00,254,5.09,6851.830000,7.48
0,Speaker,Online,Sheikhupura,5002,31999246.00,34376246.00,248,4.96,6872.500000,7.51
0,Speaker,Online,Sialkot,5005,32162739.00,34543239.00,244,4.88,6901.750000,7.5
0,Speaker,Online,Sukkur,5008,32192729.00,34578229.00,237,4.73,6904.600000,7.49
0,USB Hub,In-Store,Bahawalpur,2310,12652790.00,12652790.00,100,4.33,5477.400000,3.59
0,USB Hub,In-Store,Faisalabad,2423,13283206.00,13283206.00,129,5.32,5482.130000,3.74
0,USB Hub,In-Store,Gujranwala,2469,13524143.00,13524143.00,112,4.54,5477.580000,3.79
0,USB Hub,In-Store,Islamabad,2436,13257189.00,13257189.00,125,5.13,5442.200000,3.73
0,USB Hub,In-Store,Jhang,2428,13347184.00,13347184.00,112,4.61,5497.190000,3.79
0,USB Hub,In-Store,Karachi,106348,580919832.00,580919832.00,5180,4.87,5462.440000,158.02
0,USB Hub,In-Store,Kasur,2382,13172214.00,13172214.00,96,4.03,5529.900000,3.68
0,USB Hub,In-Store,Lahore,63717,348193989.00,348193989.00,3206,5.03,5464.700000,94.68
0,USB Hub,In-Store,Larkana,2442,13315190.00,13315190.00,132,5.41,5452.580000,3.76
0,USB Hub,In-Store,Multan,2340,12767785.00,12767785.00,125,5.34,5456.320000,3.59
0,USB Hub,In-Store,Nawabshah,2380,13010736.00,13010736.00,116,4.87,5466.700000,3.68
0,USB Hub,In-Store,Okara,2435,13317184.00,13317184.00,119,4.89,5469.070000,3.74
0,USB Hub,In-Store,Peshawar,2279,12435831.00,12435831.00,110,4.83,5456.710000,3.54
0,USB Hub,In-Store,Quetta,2326,12644293.00,12644293.00,119,5.12,5436.070000,3.56
0,USB Hub,In-Store,Rahim Yar Khan,2376,13040250.00,13040250.00,126,5.3,5488.320000,3.67
0,USB Hub,In-Store,Rawalpindi,2368,12986743.00,12986743.00,111,4.69,5484.270000,3.66
0,USB Hub,In-Store,Sargodha,2433,13252189.00,13252189.00,122,5.01,5446.850000,3.74
0,USB Hub,In-Store,Sheikhupura,2439,13374669.00,13374669.00,108,4.43,5483.670000,3.72
0,USB Hub,In-Store,Sialkot,2431,13269689.00,13269689.00,120,4.94,5458.530000,3.72
0,USB Hub,In-Store,Sukkur,2317,12652309.00,12652309.00,126,5.44,5460.640000,3.61
0,USB Hub,Online,Bahawalpur,5095,27813146.00,30240146.00,241,4.73,5935.260000,7.64
0,USB Hub,Online,Faisalabad,5035,27408231.00,29792731.00,266,5.28,5917.130000,7.56
0,USB Hub,Online,Gujranwala,5099,27787159.00,30207659.00,258,5.06,5924.230000,7.61
0,USB Hub,Online,Islamabad,5093,28065135.00,30497635.00,228,4.48,5988.150000,7.66
0,USB Hub,Online,Jhang,5054,27490706.00,29887706.00,260,5.14,5913.670000,7.54
0,USB Hub,Online,Karachi,25762,140282083.00,152490583.00,1345,5.22,5919.210000,38.28
0,USB Hub,Online,Kasur,5098,27783657.00,30205157.00,255,5,5924.900000,7.63
0,USB Hub,Online,Lahore,13117,71641037.00,77872537.00,654,4.99,5936.760000,19.49
0,USB Hub,Online,Larkana,5153,28131117.00,30572617.00,270,5.24,5932.970000,7.7
0,USB Hub,Online,Multan,5080,27536212.00,29930212.00,292,5.75,5891.770000,7.58
0,USB Hub,Online,Nawabshah,5042,27601708.00,29997708.00,250,4.96,5949.570000,7.54
0,USB Hub,Online,Okara,5063,27438697.00,29840197.00,260,5.14,5893.780000,7.57
0,USB Hub,Online,Peshawar,5092,27653672.00,30067672.00,264,5.18,5904.880000,7.61
0,USB Hub,Online,Quetta,5098,27839644.00,30267644.00,242,4.75,5937.160000,7.64
0,USB Hub,Online,Rahim Yar Khan,5000,27383231.00,29767731.00,231,4.62,5953.550000,7.5
0,USB Hub,Online,Rawalpindi,4977,27316753.00,29690253.00,230,4.62,5965.490000,7.47
0,USB Hub,Online,Sargodha,5080,27772164.00,30190164.00,244,4.8,5942.950000,7.6
0,USB Hub,Online,Sheikhupura,4999,27400250.00,29775250.00,249,4.98,5956.240000,7.44
0,USB Hub,Online,Sialkot,5105,27933647.00,30360147.00,252,4.94,5947.140000,7.62
0,USB Hub,Online,Sukkur,4990,27184273.00,29547773.00,263,5.27,5921.400000,7.47
1,Charger,In-Store,Bahawalpur,1492,3805891.00,3805891.00,83,5.56,2550.870000,3.66
1,Charger,In-Store,Faisalabad,1550,3974124.00,3974124.00,74,4.77,2563.950000,3.82
1,Charger,In-Store,Gujranwala,1502,3881162.00,3881162.00,64,4.26,2584.000000,3.7
1,Charger,In-Store,Islamabad,1598,4125771.00,4125771.00,69,4.32,2581.830000,3.91
1,Charger,In-Store,Jhang,1435,3706434.00,3706434.00,69,4.81,2582.880000,3.57
1,Charger,In-Store,Karachi,66104,169819270.00,169819270.00,3174,4.8,2568.970000,156.27
1,Charger,In-Store,Kasur,1434,3683036.00,3683036.00,70,4.88,2568.370000,3.55
1,Charger,In-Store,Lahore,39850,102312995.00,102312995.00,1945,4.88,2567.450000,94.21
1,Charger,In-Store,Larkana,1465,3713622.00,3713622.00,87,5.94,2534.900000,3.56
1,Charger,In-Store,Multan,1497,3830877.00,3830877.00,74,4.94,2559.040000,3.7
1,Charger,In-Store,Nawabshah,1448,3671436.00,3671436.00,84,5.8,2535.520000,3.59
1,Charger,In-Store,Okara,1448,3683733.00,3683733.00,81,5.59,2544.010000,3.63
1,Charger,In-Store,Peshawar,1528,3915954.00,3915954.00,82,5.37,2562.800000,3.78
1,Charger,In-Store,Quetta,1442,3692533.00,3692533.00,75,5.2,2560.700000,3.55
1,Charger,In-Store,Rahim Yar Khan,1510,3886358.00,3886358.00,68,4.5,2573.750000,3.69
1,Charger,In-Store,Rawalpindi,1491,3844679.00,3844679.00,70,4.69,2578.590000,3.65
1,Charger,In-Store,Sargodha,1409,3614561.00,3614561.00,70,4.97,2565.340000,3.54
1,Charger,In-Store,Sheikhupura,1524,3909451.00,3909451.00,75,4.92,2565.260000,3.68
1,Charger,In-Store,Sialkot,1462,3722620.00,3722620.00,82,5.61,2546.250000,3.65
1,Charger,In-Store,Sukkur,1439,3706426.00,3706426.00,65,4.52,2575.700000,3.58
1,Charger,Online,Bahawalpur,3038,7798910.00,9243910.00,148,4.87,3042.760000,7.23
1,Charger,Online,Faisalabad,3155,8125994.00,9628994.00,149,4.72,3051.980000,7.49
1,Charger,Online,Gujranwala,3124,7975737.00,9457237.00,161,5.15,3027.280000,7.47
1,Charger,Online,Islamabad,3186,8081697.00,9583197.00,183,5.74,3007.910000,7.57
1,Charger,Online,Jhang,3239,8311827.00,9848327.00,166,5.13,3040.550000,7.77
1,Charger,Online,Karachi,16320,41865969.00,49631469.00,789,4.83,3041.140000,38.58
1,Charger,Online,Kasur,3170,8136089.00,9641589.00,159,5.02,3041.510000,7.53
1,Charger,Online,Lahore,8140,20932850.00,24807850.00,390,4.79,3047.650000,19.24
1,Charger,Online,Larkana,3154,8040620.00,9530620.00,174,5.52,3021.760000,7.53
1,Charger,Online,Multan,3098,7944553.00,9418053.00,151,4.87,3040.040000,7.39
1,Charger,Online,Nawabshah,3217,8220659.00,9741159.00,176,5.47,3028.030000,7.64
1,Charger,Online,Okara,3067,7831397.00,9282897.00,164,5.35,3026.700000,7.29
1,Charger,Online,Peshawar,3151,8110992.00,9614992.00,143,4.54,3051.410000,7.48
1,Charger,Online,Quetta,3228,8296829.00,9832329.00,157,4.86,3045.950000,7.69
1,Charger,Online,Rahim Yar Khan,3126,7978042.00,9457042.00,168,5.37,3025.290000,7.43
1,Charger,Online,Rawalpindi,3198,8169475.00,9681975.00,173,5.41,3027.510000,7.61
1,Charger,Online,Sargodha,3133,7986636.00,9468636.00,169,5.39,3022.230000,7.51
1,Charger,Online,Sheikhupura,3118,8023729.00,9509229.00,147,4.71,3049.780000,7.39
1,Charger,Online,Sialkot,3131,7999135.00,9481635.00,166,5.3,3028.310000,7.49
1,Charger,Online,Sukkur,3153,8095000.00,9595000.00,153,4.85,3043.130000,7.49
1,Desk Lamp,In-Store,Bahawalpur,753,6753789.00,6753789.00,42,5.58,8969.180000,2.16
1,Desk Lamp,In-Store,Faisalabad,766,7010262.00,7010262.00,28,3.66,9151.780000,2.11
1,Desk Lamp,In-Store,Gujranwala,809,7447216.00,7447216.00,25,3.09,9205.460000,2.27
1,Desk Lamp,In-Store,Islamabad,735,6611304.00,6611304.00,39,5.31,8994.970000,2.14
1,Desk Lamp,In-Store,Jhang,751,6772787.00,6772787.00,38,5.06,9018.360000,2.18
1,Desk Lamp,In-Store,Karachi,33161,299778941.00,299778941.00,1602,4.83,9040.110000,78.39
1,Desk Lamp,In-Store,Kasur,704,6402326.00,6402326.00,30,4.26,9094.210000,2.07
1,Desk Lamp,In-Store,Lahore,20062,180718475.00,180718475.00,1037,5.17,9008.000000,47.43
1,Desk Lamp,In-Store,Larkana,764,6810783.00,6810783.00,47,6.15,8914.640000,2.15
1,Desk Lamp,In-Store,Multan,750,6820282.00,6820282.00,32,4.27,9093.710000,2.19
1,Desk Lamp,In-Store,Nawabshah,778,7105252.00,7105252.00,30,3.86,9132.710000,2.19
1,Desk Lamp,In-Store,Okara,741,6772787.00,6772787.00,28,3.78,9140.060000,2.09
1,Desk Lamp,In-Store,Peshawar,753,6744290.00,6744290.00,43,5.71,8956.560000,2.18
1,Desk Lamp,In-Store,Quetta,793,7124250.00,7124250.00,43,5.42,8983.920000,2.24
1,Desk Lamp,In-Store,Rahim Yar Khan,697,6345332.00,6345332.00,29,4.16,9103.780000,2.09
1,Desk Lamp,In-Store,Rawalpindi,784,7114751.00,7114751.00,35,4.46,9074.940000,2.21
1,Desk Lamp,In-Store,Sargodha,749,6791785.00,6791785.00,34,4.54,9067.800000,2.15
1,Desk Lamp,In-Store,Sheikhupura,741,6715793.00,6715793.00,34,4.59,9063.150000,2.14
1,Desk Lamp,In-Store,Sialkot,717,6383328.00,6383328.00,45,6.28,8902.830000,2.18
1,Desk Lamp,In-Store,Sukkur,723,6497316.00,6497316.00,39,5.39,8986.610000,2.2
1,Desk Lamp,Online,Bahawalpur,1558,14163009.00,14908509.00,67,4.3,9569.000000,3.96
1,Desk Lamp,Online,Faisalabad,1563,14087017.00,14828517.00,80,5.12,9487.210000,3.97
1,Desk Lamp,Online,Gujranwala,1612,14609462.00,15378462.00,74,4.59,9539.990000,4
1,Desk Lamp,Online,Islamabad,1597,14466977.00,15228477.00,74,4.63,9535.680000,4.02
1,Desk Lamp,Online,Jhang,1582,14191506.00,14938506.00,88,5.56,9442.800000,3.96
1,Desk Lamp,Online,Karachi,8055,72800336.00,76632336.00,391,4.85,9513.640000,19.04
1,Desk Lamp,Online,Kasur,1610,14637959.00,15408459.00,69,4.29,9570.470000,4.07
1,Desk Lamp,Online,Lahore,4096,36808625.00,38746125.00,221,5.4,9459.500000,9.68
1,Desk Lamp,Online,Larkana,1587,14201005.00,14948505.00,92,5.8,9419.350000,4.02
1,Desk Lamp,Online,Multan,1565,14087017.00,14828517.00,82,5.24,9475.090000,3.88
1,Desk Lamp,Online,Nawabshah,1602,14495474.00,15258474.00,76,4.74,9524.640000,3.99
1,Desk Lamp,Online,Okara,1606,14295995.00,15048495.00,101,6.29,9370.170000,4
1,Desk Lamp,Online,Peshawar,1579,14239001.00,14988501.00,80,5.07,9492.400000,4.02
1,Desk Lamp,Online,Quetta,1590,14362488.00,15118488.00,78,4.91,9508.480000,3.98
1,Desk Lamp,Online,Rahim Yar Khan,1623,14723450.00,15498450.00,73,4.5,9549.260000,4.04
1,Desk Lamp,Online,Rawalpindi,1621,14609462.00,15378462.00,83,5.12,9487.020000,4.07
1,Desk Lamp,Online,Sargodha,1603,14409983.00,15168483.00,86,5.36,9462.560000,3.97
1,Desk Lamp,Online,Sheikhupura,1564,14153510.00,14898510.00,74,4.73,9525.900000,3.89
1,Desk Lamp,Online,Sialkot,1569,14257999.00,15008499.00,68,4.33,9565.650000,3.86
1,Desk Lamp,Online,Sukkur,1600,14495474.00,15258474.00,74,4.63,9536.550000,4.01
1,Earbuds,In-Store,Bahawalpur,1449,7927121.00,7927121.00,70,4.83,5470.750000,3.53
1,Earbuds,In-Store,Faisalabad,1491,8132089.00,8132089.00,80,5.37,5454.120000,3.73
1,Earbuds,In-Store,Gujranwala,1464,8004613.00,8004613.00,77,5.26,5467.630000,3.6
1,Earbuds,In-Store,Islamabad,1531,8361051.00,8361051.00,82,5.36,5461.170000,3.8
1,Earbuds,In-Store,Jhang,1451,7868624.00,7868624.00,75,5.17,5422.900000,3.54
1,Earbuds,In-Store,Karachi,66826,364339606.00,364339606.00,3432,5.14,5452.060000,157.98
1,Earbuds,In-Store,Kasur,1488,8124586.00,8124586.00,74,4.97,5460.070000,3.63
1,Earbuds,In-Store,Lahore,39984,218690980.00,218690980.00,1964,4.91,5469.460000,94.52
1,Earbuds,In-Store,Larkana,1491,8037592.00,8037592.00,83,5.57,5390.740000,3.63
1,Earbuds,In-Store,Multan,1433,7779643.00,7779643.00,76,5.3,5428.920000,3.57
1,Earbuds,In-Store,Nawabshah,1481,8155082.00,8155082.00,63,4.25,5506.470000,3.67
1,Earbuds,In-Store,Okara,1463,8029109.00,8029109.00,72,4.92,5488.110000,3.59
1,Earbuds,In-Store,Peshawar,1479,8050596.00,8050596.00,75,5.07,5443.270000,3.67
1,Earbuds,In-Store,Quetta,1471,8063591.00,8063591.00,62,4.21,5481.710000,3.66
1,Earbuds,In-Store,Rahim Yar Khan,1460,7967612.00,7967612.00,72,4.93,5457.270000,3.58
1,Earbuds,In-Store,Rawalpindi,1540,8392536.00,8392536.00,76,4.94,5449.700000,3.85
1,Earbuds,In-Store,Sargodha,1495,8067595.00,8067595.00,90,6.02,5396.380000,3.68
1,Earbuds,In-Store,Sheikhupura,1458,7984115.00,7984115.00,73,5.01,5476.070000,3.6
1,Earbuds,In-Store,Sialkot,1486,8075095.00,8075095.00,81,5.45,5434.120000,3.63
1,Earbuds,In-Store,Sukkur,1456,7993112.00,7993112.00,68,4.67,5489.770000,3.6
1,Earbuds,Online,Bahawalpur,3120,17000537.00,18482037.00,157,5.03,5923.730000,7.45
1,Earbuds,Online,Faisalabad,3151,17284001.00,18783501.00,152,4.82,5961.120000,7.47
1,Earbuds,Online,Gujranwala,3140,17112024.00,18600024.00,164,5.22,5923.570000,7.49
1,Earbuds,Online,Islamabad,3209,17586436.00,19118436.00,145,4.52,5957.760000,7.62
1,Earbuds,Online,Jhang,3106,16962550.00,18437550.00,156,5.02,5936.110000,7.43
1,Earbuds,Online,Karachi,16172,88346147.00,96022647.00,819,5.06,5937.590000,38.23
1,Earbuds,Online,Kasur,3238,17691424.00,19229424.00,162,5,5938.670000,7.73
1,Earbuds,Online,Lahore,8103,44255811.00,48100311.00,414,5.11,5936.110000,19.16
1,Earbuds,Online,Larkana,3085,16901555.00,18374055.00,140,4.54,5955.930000,7.36
1,Earbuds,Online,Multan,3059,16764583.00,18223083.00,142,4.64,5957.200000,7.35
1,Earbuds,Online,Nawabshah,3162,17335990.00,18840990.00,152,4.81,5958.570000,7.51
1,Earbuds,Online,Okara,3204,17558937.00,19090437.00,141,4.4,5958.310000,7.61
1,Earbuds,Online,Peshawar,3174,17197999.00,18698499.00,173,5.45,5891.150000,7.56
1,Earbuds,Online,Quetta,3217,17488960.00,19008960.00,177,5.5,5908.910000,7.64
1,Earbuds,Online,Rahim Yar Khan,3218,17514436.00,19046436.00,154,4.79,5918.720000,7.68
1,Earbuds,Online,Rawalpindi,3123,17126026.00,18613026.00,149,4.77,5959.980000,7.45
1,Earbuds,Online,Sargodha,3204,17447477.00,18958977.00,181,5.65,5917.280000,7.61
1,Earbuds,Online,Sheikhupura,3133,17113524.00,18601524.00,157,5.01,5937.290000,7.46
1,Earbuds,Online,Sialkot,3121,16983547.00,18460047.00,168,5.38,5914.790000,7.43
1,Earbuds,Online,Sukkur,3122,16985546.00,18462546.00,168,5.38,5913.690000,7.45
1,Fitness Band,In-Store,Bahawalpur,1547,11488518.00,11488518.00,65,4.2,7426.320000,3.77
1,Fitness Band,In-Store,Faisalabad,1544,11444025.00,11444025.00,69,4.47,7411.930000,3.79
1,Fitness Band,In-Store,Gujranwala,1540,11145054.00,11145054.00,94,6.1,7237.050000,3.7
1,Fitness Band,In-Store,Islamabad,1409,10436655.00,10436655.00,64,4.54,7407.140000,3.45
1,Fitness Band,In-Store,Jhang,1483,10963584.00,10963584.00,67,4.52,7392.840000,3.6
1,Fitness Band,In-Store,Karachi,66509,489819279.00,489819279.00,3288,4.94,7364.710000,157.23
1,Fitness Band,In-Store,Kasur,1480,10926093.00,10926093.00,73,4.93,7382.500000,3.66
1,Fitness Band,In-Store,Lahore,39720,291721347.00,291721347.00,2067,5.2,7344.440000,93.9
1,Fitness Band,In-Store,Larkana,1537,11277051.00,11277051.00,88,5.73,7337.050000,3.73
1,Fitness Band,In-Store,Multan,1518,11127066.00,11127066.00,84,5.53,7330.080000,3.69
1,Fitness Band,In-Store,Nawabshah,1527,11270052.00,11270052.00,79,5.17,7380.520000,3.76
1,Fitness Band,In-Store,Okara,1454,10619625.00,10619625.00,79,5.43,7303.730000,3.56
1,Fitness Band,In-Store,Peshawar,1502,10947585.00,10947585.00,87,5.79,7288.670000,3.67
1,Fitness Band,In-Store,Quetta,1492,10950591.00,10950591.00,83,5.56,7339.540000,3.67
1,Fitness Band,In-Store,Rahim Yar Khan,1458,10804113.00,10804113.00,71,4.87,7410.230000,3.56
1,Fitness Band,In-Store,Rawalpindi,1472,10649616.00,10649616.00,88,5.98,7234.790000,3.63
1,Fitness Band,In-Store,Sargodha,1516,11196054.00,11196054.00,70,4.62,7385.260000,3.72
1,Fitness Band,In-Store,Sheikhupura,1459,10857099.00,10857099.00,58,3.98,7441.470000,3.62
1,Fitness Band,In-Store,Sialkot,1431,10614132.00,10614132.00,63,4.4,7417.280000,3.47
1,Fitness Band,In-Store,Sukkur,1442,10652127.00,10652127.00,69,4.79,7387.050000,3.55
1,Fitness Band,Online,Bahawalpur,3153,23184507.00,24681007.00,160,5.07,7827.790000,7.58
1,Fitness Band,Online,Faisalabad,3100,22927542.00,24406542.00,142,4.58,7873.080000,7.42
1,Fitness Band,Online,Gujranwala,3126,23076030.00,24561030.00,156,4.99,7857.020000,7.44
1,Fitness Band,Online,Islamabad,3089,22584585.00,24042085.00,174,5.63,7783.130000,7.39
1,Fitness Band,Online,Jhang,3173,23246004.00,24744004.00,177,5.58,7798.300000,7.5
1,Fitness Band,Online,Karachi,16117,118805676.00,126467676.00,793,4.92,7846.850000,38.1
1,Fitness Band,Online,Kasur,3183,23392485.00,24899985.00,168,5.28,7822.800000,7.58
1,Fitness Band,Online,Lahore,8012,59069376.00,62881376.00,388,4.84,7848.400000,18.94
1,Fitness Band,Online,Larkana,3169,23224503.00,24723003.00,172,5.43,7801.520000,7.49
1,Fitness Band,Online,Multan,3149,23036526.00,24523526.00,175,5.56,7787.720000,7.55
1,Fitness Band,Online,Nawabshah,3126,23060025.00,24547525.00,151,4.83,7852.700000,7.5
1,Fitness Band,Online,Okara,3222,23755428.00,25291428.00,150,4.66,7849.610000,7.64
1,Fitness Band,Online,Peshawar,3071,22657578.00,24118578.00,149,4.85,7853.660000,7.31
1,Fitness Band,Online,Quetta,3194,23543958.00,25064958.00,152,4.76,7847.510000,7.6
1,Fitness Band,Online,Rahim Yar Khan,3095,22663569.00,24129069.00,164,5.3,7796.150000,7.37
1,Fitness Band,Online,Rawalpindi,3208,23435466.00,24952466.00,174,5.42,7778.200000,7.64
1,Fitness Band,Online,Sargodha,3229,23611458.00,25132458.00,187,5.79,7783.360000,7.67
1,Fitness Band,Online,Sheikhupura,3075,22709073.00,24172573.00,148,4.81,7861.000000,7.34
1,Fitness Band,Online,Sialkot,3146,23086515.00,24579015.00,161,5.12,7812.780000,7.49
1,Fitness Band,Online,Sukkur,3156,22959033.00,24442533.00,189,5.99,7744.780000,7.6
1,Headphones,In-Store,Bahawalpur,1479,30847599.00,30847599.00,78,5.27,20857.060000,3.63
1,Headphones,In-Store,Faisalabad,1452,30107619.00,30107619.00,71,4.89,20735.270000,3.66
1,Headphones,In-Store,Gujranwala,1531,31627557.00,31627557.00,88,5.75,20658.100000,3.75
1,Headphones,In-Store,Islamabad,1508,31787559.00,31787559.00,67,4.44,21079.280000,3.78
1,Headphones,In-Store,Jhang,1492,31605561.00,31605561.00,53,3.55,21183.350000,3.66
1,Headphones,In-Store,Karachi,66952,1397165487.00,1397165487.00,3439,5.14,20868.170000,158.28
1,Headphones,In-Store,Kasur,1418,29281665.00,29281665.00,83,5.85,20649.980000,3.54
1,Headphones,In-Store,Lahore,39903,832749093.00,832749093.00,1996,5,20869.340000,94.33
1,Headphones,In-Store,Larkana,1482,31072596.00,31072596.00,78,5.26,20966.660000,3.7
1,Headphones,In-Store,Multan,1444,29936640.00,29936640.00,84,5.82,20731.750000,3.61
1,Headphones,In-Store,Nawabshah,1489,31017585.00,31017585.00,74,4.97,20831.150000,3.69
1,Headphones,In-Store,Okara,1497,31412568.00,31412568.00,65,4.34,20983.680000,3.62
1,Headphones,In-Store,Peshawar,1467,30643605.00,30643605.00,72,4.91,20888.620000,3.6
1,Headphones,In-Store,Quetta,1474,30996606.00,30996606.00,80,5.43,21028.910000,3.67
1,Headphones,In-Store,Rahim Yar Khan,1468,30637617.00,30637617.00,85,5.79,20870.310000,3.62
1,Headphones,In-Store,Rawalpindi,1561,32188530.00,32188530.00,91,5.83,20620.450000,3.76
1,Headphones,In-Store,Sargodha,1474,30358614.00,30358614.00,88,5.97,20596.070000,3.67
1,Headphones,In-Store,Sheikhupura,1493,31349571.00,31349571.00,64,4.29,20997.700000,3.67
1,Headphones,In-Store,Sialkot,1469,30707601.00,30707601.00,70,4.77,20903.740000,3.57
1,Headphones,In-Store,Sukkur,1439,30000642.00,30000642.00,81,5.63,20848.260000,3.56
1,Headphones,Online,Bahawalpur,3097,64810059.00,66280559.00,156,5.04,21401.540000,7.36
1,Headphones,Online,Faisalabad,3139,65281026.00,66768026.00,165,5.26,21270.480000,7.44
1,Headphones,Online,Gujranwala,3109,64960047.00,66436547.00,156,5.02,21369.100000,7.44
1,Headphones,Online,Islamabad,3115,65246037.00,66727537.00,152,4.88,21421.360000,7.49
1,Headphones,Online,Jhang,3181,66519981.00,68029481.00,162,5.09,21386.190000,7.56
1,Headphones,Online,Karachi,16305,340704510.00,348449510.00,815,5,21370.720000,38.55
1,Headphones,Online,Kasur,3099,64859058.00,66330058.00,157,5.07,21403.700000,7.36
1,Headphones,Online,Lahore,8162,170866242.00,174745242.00,404,4.95,21409.610000,19.3
1,Headphones,Online,Larkana,3157,66570984.00,68078984.00,141,4.47,21564.450000,7.53
1,Headphones,Online,Multan,3246,67844922.00,69383922.00,168,5.18,21375.210000,7.73
1,Headphones,Online,Nawabshah,3074,64098081.00,65557581.00,155,5.04,21326.470000,7.32
1,Headphones,Online,Okara,3195,66500976.00,68012976.00,171,5.35,21287.320000,7.63
1,Headphones,Online,Peshawar,3150,66119997.00,67621497.00,147,4.67,21467.140000,7.52
1,Headphones,Online,Quetta,3208,67530936.00,69062936.00,144,4.49,21528.350000,7.67
1,Headphones,Online,Rahim Yar Khan,3176,66021006.00,67518006.00,182,5.73,21258.820000,7.58
1,Headphones,Online,Rawalpindi,3211,67296948.00,68822948.00,159,4.95,21433.490000,7.63
1,Headphones,Online,Sargodha,3148,65719026.00,67206026.00,174,5.53,21348.800000,7.48
1,Headphones,Online,Sheikhupura,3014,63153132.00,64587132.00,146,4.84,21429.040000,7.19
1,Headphones,Online,Sialkot,3268,68272902.00,69821902.00,170,5.2,21365.330000,7.76
1,Headphones,Online,Sukkur,3098,64624053.00,66097553.00,151,4.87,21335.560000,7.36
1,Mouse,In-Store,Bahawalpur,1462,2781006.00,2781006.00,68,4.65,1902.190000,3.62
1,Mouse,In-Store,Faisalabad,1456,2772015.00,2772015.00,71,4.88,1903.860000,3.61
1,Mouse,In-Store,Gujranwala,1441,2774220.00,2774220.00,61,4.23,1925.200000,3.53
1,Mouse,In-Store,Islamabad,1431,2726039.00,2726039.00,70,4.89,1904.990000,3.52
1,Mouse,In-Store,Jhang,1475,2783398.00,2783398.00,73,4.95,1887.050000,3.67
1,Mouse,In-Store,Karachi,66626,126538099.00,126538099.00,3325,4.99,1899.230000,157.51
1,Mouse,In-Store,Kasur,1435,2724441.00,2724441.00,76,5.3,1898.570000,3.47
1,Mouse,In-Store,Lahore,40091,76094927.00,76094927.00,2018,5.03,1898.060000,94.78
1,Mouse,In-Store,Larkana,1502,2889153.00,2889153.00,55,3.66,1923.540000,3.71
1,Mouse,In-Store,Multan,1424,2714445.00,2714445.00,69,4.85,1906.210000,3.52
1,Mouse,In-Store,Nawabshah,1478,2786602.00,2786602.00,80,5.41,1885.390000,3.66
1,Mouse,In-Store,Okara,1522,2902349.00,2902349.00,71,4.66,1906.930000,3.76
1,Mouse,In-Store,Peshawar,1519,2893553.00,2893553.00,72,4.74,1904.910000,3.71
1,Mouse,In-Store,Quetta,1473,2788608.00,2788608.00,81,5.5,1893.150000,3.58
1,Mouse,In-Store,Rahim Yar Khan,1523,2875159.00,2875159.00,82,5.38,1887.830000,3.74
1,Mouse,In-Store,Rawalpindi,1473,2766813.00,2766813.00,86,5.84,1878.350000,3.59
1,Mouse,In-Store,Sargodha,1477,2785207.00,2785207.00,84,5.69,1885.720000,3.63
1,Mouse,In-Store,Sheikhupura,1399,2672666.00,2672666.00,65,4.65,1910.410000,3.4
1,Mouse,In-Store,Sialkot,1458,2764212.00,2764212.00,70,4.8,1895.890000,3.56
1,Mouse,In-Store,Sukkur,1428,2672063.00,2672063.00,91,6.37,1871.190000,3.44
1,Mouse,Online,Bahawalpur,3056,5839086.00,7296086.00,142,4.65,2387.460000,7.29
1,Mouse,Online,Faisalabad,3146,6025390.00,7530390.00,136,4.32,2393.640000,7.51
1,Mouse,Online,Gujranwala,3075,5858069.00,7323569.00,144,4.68,2381.650000,7.36
1,Mouse,Online,Islamabad,3082,5850873.00,7314373.00,155,5.03,2373.260000,7.32
1,Mouse,Online,Jhang,3269,6179692.00,7733692.00,161,4.93,2365.770000,7.73
1,Mouse,Online,Karachi,16225,30716825.00,38404325.00,850,5.24,2366.980000,38.36
1,Mouse,Online,Kasur,3192,6079553.00,7603053.00,145,4.54,2381.910000,7.62
1,Mouse,Online,Lahore,8103,15437884.00,19295884.00,387,4.78,2381.330000,19.16
1,Mouse,Online,Larkana,3190,6048381.00,7557881.00,171,5.36,2369.240000,7.6
1,Mouse,Online,Multan,3035,5773910.00,7218910.00,145,4.78,2378.550000,7.17
1,Mouse,Online,Nawabshah,3072,5821685.00,7279185.00,157,5.11,2369.530000,7.31
1,Mouse,Online,Okara,3146,6033997.00,7535497.00,143,4.55,2395.260000,7.49
1,Mouse,Online,Peshawar,3154,5992608.00,7488608.00,162,5.14,2374.320000,7.47
1,Mouse,Online,Quetta,3115,5902246.00,7379246.00,161,5.17,2368.940000,7.4
1,Mouse,Online,Rahim Yar Khan,3072,5890857.00,7362357.00,129,4.2,2396.600000,7.31
1,Mouse,Online,Rawalpindi,3137,5944433.00,7427933.00,170,5.42,2367.850000,7.45
1,Mouse,Online,Sargodha,3092,5869667.00,7336167.00,159,5.14,2372.630000,7.34
1,Mouse,Online,Sheikhupura,3244,6142325.00,7679825.00,169,5.21,2367.390000,7.76
1,Mouse,Online,Sialkot,3227,6163119.00,7703619.00,146,4.52,2387.240000,7.65
1,Mouse,Online,Sukkur,3198,6043772.00,7557772.00,170,5.32,2363.280000,7.6
1,Power Bank,In-Store,Bahawalpur,1550,6968028.00,6968028.00,78,5.03,4495.500000,3.83
1,Power Bank,In-Store,Faisalabad,1530,6885046.00,6885046.00,76,4.97,4500.030000,3.77
1,Power Bank,In-Store,Gujranwala,1453,6483123.00,6483123.00,76,5.23,4461.890000,3.54
1,Power Bank,In-Store,Islamabad,1418,6422656.00,6422656.00,74,5.22,4529.380000,3.53
1,Power Bank,In-Store,Jhang,1452,6576115.00,6576115.00,67,4.61,4529.000000,3.55
1,Power Bank,In-Store,Karachi,66823,301665009.00,301665009.00,3332,4.99,4514.390000,157.97
1,Power Bank,In-Store,Kasur,1500,6785578.00,6785578.00,78,5.2,4523.720000,3.7
1,Power Bank,In-Store,Lahore,40308,181521253.00,181521253.00,2061,5.11,4503.360000,95.29
1,Power Bank,In-Store,Larkana,1487,6793585.00,6793585.00,72,4.84,4568.650000,3.65
1,Power Bank,In-Store,Multan,1527,6827551.00,6827551.00,78,5.11,4471.220000,3.74
1,Power Bank,In-Store,Nawabshah,1501,6731070.00,6731070.00,71,4.73,4484.390000,3.65
1,Power Bank,In-Store,Okara,1546,6978023.00,6978023.00,69,4.46,4513.600000,3.75
1,Power Bank,In-Store,Peshawar,1436,6537631.00,6537631.00,67,4.67,4552.670000,3.55
1,Power Bank,In-Store,Quetta,1438,6480131.00,6480131.00,69,4.8,4506.350000,3.53
1,Power Bank,In-Store,Rahim Yar Khan,1408,6307164.00,6307164.00,72,5.11,4479.520000,3.43
1,Power Bank,In-Store,Rawalpindi,1543,6931532.00,6931532.00,75,4.86,4492.240000,3.79
1,Power Bank,In-Store,Sargodha,1497,6839569.00,6839569.00,66,4.41,4568.850000,3.73
1,Power Bank,In-Store,Sheikhupura,1564,7075016.00,7075016.00,80,5.12,4523.670000,3.8
1,Power Bank,In-Store,Sialkot,1462,6515116.00,6515116.00,78,5.34,4456.300000,3.61
1,Power Bank,In-Store,Sukkur,1451,6582109.00,6582109.00,60,4.14,4536.260000,3.63
1,Power Bank,Online,Bahawalpur,3174,14331975.00,15844475.00,149,4.69,4991.960000,7.54
1,Power Bank,Online,Faisalabad,3090,14082557.00,15554057.00,147,4.76,5033.680000,7.34
1,Power Bank,Online,Gujranwala,3168,14496955.00,16019455.00,123,3.88,5056.650000,7.52
1,Power Bank,Online,Islamabad,3151,14314500.00,15814500.00,151,4.79,5018.880000,7.48
1,Power Bank,Online,Jhang,3001,13610654.00,15033654.00,155,5.16,5009.550000,7.15
1,Power Bank,Online,Karachi,16210,73269600.00,80969600.00,810,5,4995.040000,38.32
1,Power Bank,Online,Kasur,3101,13939560.00,15409560.00,161,5.19,4969.220000,7.38
1,Power Bank,Online,Lahore,8173,37052235.00,40934735.00,408,4.99,5008.530000,19.32
1,Power Bank,Online,Larkana,3103,13924565.00,15392065.00,168,5.41,4960.380000,7.39
1,Power Bank,Online,Multan,3097,13878069.00,15343569.00,166,5.36,4954.330000,7.41
1,Power Bank,Online,Nawabshah,3093,13953064.00,15421064.00,157,5.08,4985.800000,7.31
1,Power Bank,Online,Okara,3161,14163501.00,15663001.00,162,5.12,4955.080000,7.53
1,Power Bank,Online,Peshawar,3123,14063526.00,15550526.00,149,4.77,4979.360000,7.44
1,Power Bank,Online,Quetta,3222,14328933.00,15862433.00,155,4.81,4923.160000,7.69
1,Power Bank,Online,Rahim Yar Khan,3184,14347477.00,15858977.00,161,5.06,4980.830000,7.6
1,Power Bank,Online,Rawalpindi,3100,13804585.00,15262085.00,185,5.97,4923.250000,7.35
1,Power Bank,Online,Sargodha,3193,14499967.00,16016467.00,160,5.01,5016.120000,7.6
1,Power Bank,Online,Sheikhupura,3119,14021051.00,15495551.00,170,5.45,4968.120000,7.41
1,Power Bank,Online,Sialkot,3059,13799103.00,15247603.00,162,5.3,4984.510000,7.32
1,Power Bank,Online,Sukkur,3146,14136026.00,15623026.00,172,5.47,4966.000000,7.47
1,Smartwatch,In-Store,Bahawalpur,2225,27300885.00,27300885.00,110,4.94,12270.060000,5.3
1,Smartwatch,In-Store,Faisalabad,2221,27732877.00,27732877.00,98,4.41,12486.660000,5.3
1,Smartwatch,In-Store,Gujranwala,2270,27832853.00,27832853.00,123,5.42,12261.170000,5.4
1,Smartwatch,In-Store,Islamabad,2163,27210939.00,27210939.00,102,4.72,12580.180000,5.13
1,Smartwatch,In-Store,Jhang,2166,26712941.00,26712941.00,107,4.94,12332.840000,5.16
1,Smartwatch,In-Store,Karachi,100161,1237405735.00,1237405735.00,4896,4.89,12354.170000,236.79
1,Smartwatch,In-Store,Kasur,2248,27430871.00,27430871.00,119,5.29,12202.340000,5.38
1,Smartwatch,In-Store,Lahore,60415,747420526.00,747420526.00,2941,4.87,12371.440000,142.83
1,Smartwatch,In-Store,Larkana,2279,28236825.00,28236825.00,104,4.56,12390.010000,5.43
1,Smartwatch,In-Store,Multan,2218,27661880.00,27661880.00,98,4.42,12471.540000,5.32
1,Smartwatch,In-Store,Nawabshah,2199,26958919.00,26958919.00,118,5.37,12259.630000,5.21
1,Smartwatch,In-Store,Okara,2263,27819846.00,27819846.00,109,4.82,12293.350000,5.38
1,Smartwatch,In-Store,Peshawar,2209,27671878.00,27671878.00,87,3.94,12526.880000,5.25
1,Smartwatch,In-Store,Quetta,2176,26555938.00,26555938.00,114,5.24,12204.020000,5.17
1,Smartwatch,In-Store,Rahim Yar Khan,2303,28133824.00,28133824.00,127,5.51,12216.160000,5.51
1,Smartwatch,In-Store,Rawalpindi,2181,26760921.00,26760921.00,102,4.68,12270.020000,5.23
1,Smartwatch,In-Store,Sargodha,2221,27862863.00,27862863.00,84,3.78,12545.190000,5.25
1,Smartwatch,In-Store,Sheikhupura,2241,27534859.00,27534859.00,100,4.46,12286.860000,5.35
1,Smartwatch,In-Store,Sialkot,2269,28064833.00,28064833.00,102,4.5,12368.810000,5.36
1,Smartwatch,In-Store,Sukkur,2221,27301888.00,27301888.00,109,4.91,12292.610000,5.31
1,Smartwatch,Online,Bahawalpur,4792,59044447.00,61320947.00,239,4.99,12796.520000,11.33
1,Smartwatch,Online,Faisalabad,4729,58354509.00,60600009.00,238,5.03,12814.550000,11.18
1,Smartwatch,Online,Gujranwala,4708,58073530.00,60308530.00,238,5.06,12809.800000,11.16
1,Smartwatch,Online,Islamabad,4729,58337482.00,60596482.00,211,4.46,12813.800000,11.18
1,Smartwatch,Online,Jhang,4834,59424403.00,61722903.00,237,4.9,12768.490000,11.48
1,Smartwatch,Online,Karachi,24395,300951881.00,312511381.00,1276,5.23,12810.470000,57.67
1,Smartwatch,Online,Kasur,4649,57196579.00,59407079.00,228,4.9,12778.460000,10.99
1,Smartwatch,Online,Lahore,12292,151672328.00,157508328.00,620,5.04,12813.890000,29.06
1,Smartwatch,Online,Larkana,4874,60197378.00,62508378.00,252,5.17,12824.860000,11.52
1,Smartwatch,Online,Multan,4826,59248431.00,61532931.00,257,5.33,12750.300000,11.44
1,Smartwatch,Online,Nawabshah,4762,58815472.00,61079472.00,234,4.91,12826.430000,11.28
1,Smartwatch,Online,Okara,4753,58792491.00,61046991.00,244,5.13,12843.890000,11.24
1,Smartwatch,Online,Peshawar,4599,56484643.00,58663143.00,242,5.26,12755.630000,10.92
1,Smartwatch,Online,Quetta,4750,58622481.00,60881981.00,231,4.86,12817.260000,11.23
1,Smartwatch,Online,Rahim Yar Khan,4722,58227508.00,60473508.00,230,4.87,12806.760000,11.24
1,Smartwatch,Online,Rawalpindi,4696,58171532.00,60405532.00,228,4.86,12863.190000,11.13
1,Smartwatch,Online,Sargodha,4716,58599508.00,60845508.00,224,4.75,12901.930000,11.15
1,Smartwatch,Online,Sheikhupura,4653,57607576.00,59819576.00,229,4.92,12856.130000,11
1,Smartwatch,Online,Sialkot,4633,56840611.00,59035111.00,244,5.27,12742.310000,10.95
1,Smartwatch,Online,Sukkur,4710,58045534.00,60278534.00,244,5.18,12797.990000,11.13
1,Speaker,In-Store,Bahawalpur,1448,9285117.00,9285117.00,65,4.49,6412.370000,3.55
1,Speaker,In-Store,Faisalabad,1486,9490592.00,9490592.00,78,5.25,6386.670000,3.68
1,Speaker,In-Store,Gujranwala,1545,9958524.00,9958524.00,69,4.47,6445.650000,3.79
1,Speaker,In-Store,Islamabad,1476,9447100.00,9447100.00,76,5.15,6400.470000,3.6
1,Speaker,In-Store,Jhang,1459,9339112.00,9339112.00,71,4.87,6401.040000,3.59
1,Speaker,In-Store,Karachi,66629,427396194.00,427396194.00,3323,4.99,6414.570000,157.52
1,Speaker,In-Store,Kasur,1505,9579080.00,9579080.00,85,5.65,6364.840000,3.7
1,Speaker,In-Store,Lahore,40173,258006800.00,258006800.00,1973,4.91,6422.390000,94.97
1,Speaker,In-Store,Larkana,1517,9690071.00,9690071.00,88,5.8,6387.650000,3.69
1,Speaker,In-Store,Multan,1469,9423101.00,9423101.00,70,4.77,6414.640000,3.57
1,Speaker,In-Store,Nawabshah,1451,9220636.00,9220636.00,87,6,6354.680000,3.55
1,Speaker,In-Store,Okara,1439,9340621.00,9340621.00,60,4.17,6491.050000,3.56
1,Speaker,In-Store,Peshawar,1544,9961524.00,9961524.00,68,4.4,6451.760000,3.74
1,Speaker,In-Store,Quetta,1575,10120501.00,10120501.00,76,4.83,6425.710000,3.84
1,Speaker,In-Store,Rahim Yar Khan,1484,9487599.00,9487599.00,83,5.59,6393.260000,3.63
1,Speaker,In-Store,Rawalpindi,1526,9813044.00,9813044.00,70,4.59,6430.570000,3.72
1,Speaker,In-Store,Sargodha,1504,9663062.00,9663062.00,66,4.39,6424.910000,3.73
1,Speaker,In-Store,Sheikhupura,1437,9187633.00,9187633.00,70,4.87,6393.620000,3.57
1,Speaker,In-Store,Sialkot,1459,9331615.00,9331615.00,74,5.07,6395.900000,3.59
1,Speaker,In-Store,Sukkur,1482,9456101.00,9456101.00,83,5.6,6380.630000,3.61
1,Speaker,Online,Bahawalpur,3244,20740418.00,22281418.00,162,4.99,6868.500000,7.72
1,Speaker,Online,Faisalabad,3128,19879550.00,21354550.00,178,5.69,6826.900000,7.45
1,Speaker,Online,Gujranwala,3163,20202001.00,21701501.00,164,5.18,6861.050000,7.55
1,Speaker,Online,Islamabad,3158,20196012.00,21690012.00,170,5.38,6868.270000,7.47
1,Speaker,Online,Jhang,3119,19986029.00,21471529.00,148,4.75,6884.110000,7.41
1,Speaker,Online,Karachi,16201,103600144.00,111278144.00,845,5.22,6868.600000,38.3
1,Speaker,Online,Kasur,3135,20158512.00,21652512.00,147,4.69,6906.700000,7.45
1,Speaker,Online,Lahore,8120,52099281.00,55958781.00,401,4.94,6891.480000,19.2
1,Speaker,Online,Larkana,3104,19783573.00,21247073.00,177,5.7,6845.060000,7.37
1,Speaker,Online,Multan,3140,20094023.00,21582523.00,163,5.19,6873.410000,7.48
1,Speaker,Online,Nawabshah,3151,20200508.00,21696508.00,159,5.05,6885.590000,7.45
1,Speaker,Online,Okara,3228,20723930.00,22258930.00,158,4.89,6895.580000,7.65
1,Speaker,Online,Peshawar,3149,20077516.00,21569516.00,165,5.24,6849.640000,7.55
1,Speaker,Online,Quetta,3082,19732573.00,21196073.00,155,5.03,6877.380000,7.34
1,Speaker,Online,Rahim Yar Khan,3184,20308482.00,21817482.00,166,5.21,6852.220000,7.62
1,Speaker,Online,Rawalpindi,3171,20227500.00,21727500.00,171,5.39,6851.940000,7.53
1,Speaker,Online,Sargodha,3233,20840911.00,22385411.00,144,4.45,6924.040000,7.64
1,Speaker,Online,Sheikhupura,3255,20840911.00,22385411.00,166,5.1,6877.240000,7.77
1,Speaker,Online,Sialkot,3104,19989036.00,21471036.00,140,4.51,6917.220000,7.41
1,Speaker,Online,Sukkur,3171,20224497.00,21725997.00,168,5.3,6851.470000,7.51
1,USB Hub,In-Store,Bahawalpur,1503,8103069.00,8103069.00,72,4.79,5391.260000,3.7
1,USB Hub,In-Store,Faisalabad,1426,7697653.00,7697653.00,79,5.54,5398.070000,3.53
1,USB Hub,In-Store,Gujranwala,1454,7905133.00,7905133.00,87,5.98,5436.820000,3.55
1,USB Hub,In-Store,Islamabad,1496,8067593.00,8067593.00,89,5.95,5392.780000,3.68
1,USB Hub,In-Store,Jhang,1487,8082593.00,8082593.00,80,5.38,5435.500000,3.65
1,USB Hub,In-Store,Karachi,66745,364459085.00,364459085.00,3330,4.99,5460.470000,157.79
1,USB Hub,In-Store,Kasur,1439,7799141.00,7799141.00,80,5.56,5419.830000,3.53
1,USB Hub,In-Store,Lahore,40016,219123954.00,219123954.00,1970,4.92,5475.910000,94.6
1,USB Hub,In-Store,Larkana,1462,8014607.00,8014607.00,69,4.72,5481.950000,3.59
1,USB Hub,In-Store,Multan,1504,8232072.00,8232072.00,76,5.05,5473.450000,3.72
1,USB Hub,In-Store,Nawabshah,1559,8482027.00,8482027.00,86,5.52,5440.680000,3.8
1,USB Hub,In-Store,Okara,1479,8053600.00,8053600.00,79,5.34,5445.300000,3.62
1,USB Hub,In-Store,Peshawar,1503,8105579.00,8105579.00,82,5.46,5392.930000,3.77
1,USB Hub,In-Store,Quetta,1451,7797643.00,7797643.00,94,6.48,5373.980000,3.62
1,USB Hub,In-Store,Rahim Yar Khan,1417,7717157.00,7717157.00,74,5.22,5446.120000,3.51
1,USB Hub,In-Store,Rawalpindi,1458,8136601.00,8136601.00,59,4.05,5580.660000,3.58
1,USB Hub,In-Store,Sargodha,1516,8183580.00,8183580.00,96,6.33,5398.140000,3.66
1,USB Hub,In-Store,Sheikhupura,1412,7635649.00,7635649.00,61,4.32,5407.680000,3.47
1,USB Hub,In-Store,Sialkot,1485,8033094.00,8033094.00,79,5.32,5409.490000,3.61
1,USB Hub,In-Store,Sukkur,1526,8311541.00,8311541.00,67,4.39,5446.620000,3.78
1,USB Hub,Online,Bahawalpur,3092,16862556.00,18334556.00,148,4.79,5929.680000,7.34
1,USB Hub,Online,Faisalabad,3167,17347962.00,18866962.00,129,4.07,5957.360000,7.56
1,USB Hub,Online,Gujranwala,3288,18009881.00,19569381.00,169,5.14,5951.760000,7.83
1,USB Hub,Online,Islamabad,3272,17707907.00,19254407.00,179,5.47,5884.600000,7.88
1,USB Hub,Online,Jhang,3178,17350482.00,18859482.00,160,5.03,5934.390000,7.53
1,USB Hub,Online,Karachi,16179,88831579.00,96542079.00,758,4.69,5967.120000,38.25
1,USB Hub,Online,Kasur,3202,17503959.00,19024459.00,161,5.03,5941.430000,7.62
1,USB Hub,Online,Lahore,8223,44899675.00,48812175.00,398,4.84,5936.050000,19.44
1,USB Hub,Online,Larkana,3042,16633613.00,18077113.00,155,5.1,5942.510000,7.21
1,USB Hub,Online,Multan,3112,17030041.00,18509541.00,153,4.92,5947.800000,7.41
1,USB Hub,Online,Nawabshah,3120,17018052.00,18492052.00,172,5.51,5926.940000,7.48
1,USB Hub,Online,Okara,3162,17257496.00,18759496.00,158,5,5932.790000,7.49
1,USB Hub,Online,Peshawar,3186,17362967.00,18879467.00,153,4.8,5925.760000,7.62
1,USB Hub,Online,Quetta,3249,17839901.00,19389401.00,150,4.62,5967.810000,7.72
1,USB Hub,Online,Rahim Yar Khan,3219,17612942.00,19141942.00,161,5,5946.550000,7.66
1,USB Hub,Online,Rawalpindi,3151,17252501.00,18752001.00,152,4.82,5951.130000,7.56
1,USB Hub,Online,Sargodha,3245,17626930.00,19161930.00,175,5.39,5905.060000,7.74
1,USB Hub,Online,Sheikhupura,3177,17378483.00,18886983.00,160,5.04,5944.910000,7.58
1,USB Hub,Online,Sialkot,3219,17442962.00,18961962.00,181,5.62,5890.640000,7.66
1,USB Hub,Online,Sukkur,3219,17639941.00,19169441.00,160,4.97,5955.090000,7.66
